first_name,last_name,company_name,address,city
James,Butt,"Benton, John B Jr",6649 N Blue Gum St,New Orleans
Josephine,Darakjy,"Chanay, Jeffrey A Esq",4 B Blue Ridge Blvd,Brighton
Art,Venere,"Chemel, James L Cpa",8 W Cerritos Ave #54,Bridgeport
Lenna,Paprocki,Feltz Printing Service,639 Main St,Anchorage
Donette,Foller,Printing Dimensions,34 Center St,Hamilton
Simona,Morasca,"Chapman, Ross E Esq",3 Mcauley Dr,Ashland
Mitsue,Tollner,Morlong Associates,7 Eads St,Chicago
Leota,Dilliard,Commercial Press,7 W Jackson Blvd,San Jose
Sage,Wieser,Truhlar And Truhlar Attys,5 Boston Ave #88,Sioux Falls
